location,sex,5 to 9 years,10 to 14 years,15 to 19 years,20 to 24 years,25 to 29 years,30 to 34 years,35 to 39 years,40 to 44 years,45 to 49 years,50 to 54 years,55 to 59 years,60 to 64 years,65 to 69 years,70 to 74 years,75 to 79 years,80 to 84 years
WORLD,M,315119,311456,312831,311077,284258,255596,248575,232217,202633,176241,153494,114194,83129,65266,43761,39223
WORLD,F,293664,290598,293313,295739,273379,247383,241938,226914,201142,176440,156283,121200,92071,77990,56895,66029
More developed regions,M,34287,34133,38075,42824,44357,43143,43912,43486,44851,42517,38446,33932,24980,21980,15915,17717
More developed regions,F,32648,32467,36243,40991,42823,42162,43370,43479,45906,44821,41790,37784,29438,28807,22862,35345
Less developed regions,M,280832,277322,274756,268253,239901,212454,204663,188732,157782,133725,115048,80261,58148,43286,27846,21506
Less developed regions,F,261016,258131,257070,254748,230556,205221,198569,183435,155236,131619,114493,83416,62632,49183,34034,30684
Least developed countries,M,56139,50917,45401,39469,33858,28163,23100,19187,15619,12308,9506,7195,5429,3772,2281,1555
Least developed countries,F,54753,49677,44476,39174,33838,28233,23278,19484,16168,12940,10353,8206,6327,4376,2695,1933
Less developed regions excluding least developed countries,M,224692,226406,229355,228784,206043,184291,181563,169544,142163,121417,105542,73067,52720,39514,25564,19951
Less developed regions excluding least developed countries,F,206263,208455,212595,215574,196719,176988,175291,163951,139068,118679,104140,75210,56306,44807,31339,28751
Less developed regions excluding China,M,233887,224543,217194,204384,186815,164025,142641,124857,108138,90675,72400,51598,38081,27767,17437,13736
Less developed regions excluding China,F,222563,213676,207143,196551,180428,159021,138848,122803,107778,91426,74435,55389,42709,32988,21952,19390
Sub-Saharan Africa,M,60698,52821,46297,40410,34230,28379,22573,17718,14337,11607,9326,7308,5395,3579,2071,1301
Sub-Saharan Africa,F,59453,51906,45707,40135,33996,27890,22088,17708,14830,12559,10415,8259,6274,4339,2648,1883
AFRICA,M,68908,60738,54503,48829,42051,34819,27969,22544,18629,15367,12295,9515,6852,4710,2808,1800
AFRICA,F,67294,59488,53623,48381,41836,34460,27627,22610,19187,16307,13385,10597,7926,5717,3559,2597
Eastern Africa,M,23348,20411,17857,15482,12780,10504,8198,6331,5027,4034,3286,2584,1890,1294,790,528
Eastern Africa,F,23094,20282,17838,15551,12868,10487,8115,6354,5280,4489,3777,2990,2226,1563,992,734
Burundi,M,509,486,486,461,390,293,213,169,143,120,95,59,41,27,16,11
Burundi,F,509,486,488,466,398,301,218,175,155,140,118,80,59,41,26,20
Comoros,M,54,43,35,32,33,26,21,17,14,11,8,5,4,3,1,1
Comoros,F,52,42,34,32,32,26,20,17,14,11,9,5,4,3,2,1
Djibouti,M,53,51,51,46,39,33,27,23,18,14,11,9,6,4,2,1
Djibouti,F,52,50,50,45,38,32,27,23,19,15,12,10,7,5,3,2
Eritrea,M,367,300,274,254,231,229,165,95,61,49,41,35,25,14,7,4
Eritrea,F,360,296,273,258,239,229,164,99,68,66,59,49,36,22,13,10
Ethiopia,M,5823,5462,4833,3962,3153,2573,2163,1780,1439,1134,917,758,555,367,211,134
Ethiopia,F,5761,5423,4816,3969,3198,2589,2151,1804,1499,1216,1005,826,623,429,259,183
Kenya,M,2873,2422,2164,2070,1782,1425,1081,793,608,487,394,285,186,141,96,69
Kenya,F,2842,2400,2150,2067,1781,1398,1013,761,639,552,459,329,214,166,115,87
Madagascar,M,1487,1332,1128,923,724,670,562,455,373,302,239,158,115,87,58,44
Madagascar,F,1473,1330,1129,927,729,677,570,463,380,309,246,171,132,100,66,47
Malawi,M,1111,965,839,685,553,490,351,251,201,162,135,126,91,62,37,21
Malawi,F,1089,949,830,681,545,465,326,247,218,194,164,149,104,72,44,29
Mauritius,M,50,52,56,53,48,57,47,50,53,39,33,25,15,9,6,6
Mauritius,F,48,50,55,52,47,57,48,51,54,40,34,28,19,13,9,12
Mayotte,M,15,11,8,7,5,7,9,5,4,3,2,1,1,1,0,1
Mayotte,F,14,11,10,8,10,9,7,4,3,2,2,1,1,1,0,0
Mozambique,M,1765,1461,1240,1058,891,704,517,401,342,291,243,188,140,96,56,36
Mozambique,F,1754,1457,1244,1064,888,756,651,528,429,353,286,231,182,128,79,56
Réunion,M,38,35,36,37,33,27,25,30,29,24,20,14,10,8,6,6
Réunion,F,37,33,34,36,32,28,28,33,32,26,21,15,12,10,8,10
Rwanda,M,724,620,530,566,461,344,249,195,164,134,103,85,53,36,24,14
Rwanda,F,729,627,537,577,475,364,280,215,174,146,118,95,61,43,30,22
Somalia,M,692,573,466,398,316,311,248,202,162,131,103,72,50,34,19,12
Somalia,F,688,572,467,401,321,318,255,210,171,140,114,80,58,42,23,16
Uganda,M,2687,2197,1825,1513,1241,996,784,581,426,329,269,212,162,102,70,45
Uganda,F,2646,2195,1846,1533,1246,984,747,530,411,357,317,250,190,121,87,62
United Republic of Tanzania,M,3311,2749,2372,2072,1756,1452,1132,867,676,543,438,360,268,183,107,71
United Republic of Tanzania,F,3263,2718,2359,2070,1749,1426,1080,828,687,594,500,424,319,222,136,100
Zambia,M,989,847,702,605,515,431,330,237,170,130,108,98,76,53,30,19
Zambia,F,981,840,698,603,508,414,300,207,162,146,134,118,91,63,38,27
Zimbabwe,M,799,801,808,735,605,432,270,177,143,128,123,94,91,67,43,33
Zimbabwe,F,795,799,814,757,628,412,226,159,162,178,178,127,114,81,54,47
Middle Africa,M,9447,8050,6939,5856,4806,3875,3102,2485,2002,1598,1269,966,717,475,268,163
Middle Africa,F,9385,8006,6909,5860,4822,3880,3102,2513,2071,1708,1401,1103,848,587,354,246
Angola,M,1511,1248,1023,848,697,565,447,364,296,233,180,128,94,62,35,20
Angola,F,1502,1248,1034,867,712,574,456,377,315,256,203,146,111,76,45,30
Cameroon,M,1319,1145,1078,960,827,669,526,413,331,267,222,173,132,91,54,36
Cameroon,F,1303,1132,1067,952,821,655,512,412,345,289,244,194,151,107,67,50
Central African Republic,M,293,266,236,214,182,147,116,90,72,60,50,40,32,23,13,9
Central African Republic,F,297,270,240,219,186,147,110,87,77,70,59,48,39,28,18,13
Chad,M,842,710,603,508,423,342,270,212,173,144,117,86,66,43,23,12
Chad,F,837,706,599,506,422,341,270,216,183,158,133,96,76,53,31,19
Congo,M,274,239,208,186,166,144,119,95,73,57,45,35,27,20,12,9
Congo,F,269,236,205,184,165,143,117,91,72,58,49,40,31,23,15,12
Democratic Republic of the Congo,M,5063,4304,3659,3025,2415,1930,1556,1250,1001,791,621,480,349,225,123,70
Democratic Republic of the Congo,F,5035,4280,3634,3018,2422,1944,1569,1268,1026,834,680,557,424,287,168,112
Equatorial Guinea,M,45,40,36,32,25,19,21,23,22,17,11,6,4,3,2,1
Equatorial Guinea,F,44,39,36,32,23,17,19,21,19,15,9,5,4,3,2,2
Gabon,M,89,87,86,74,63,53,44,37,32,26,22,16,12,8,5,5
Gabon,F,87,86,85,73,63,53,45,37,31,26,22,16,12,9,7,7
Sao Tome and Principe,M,11,11,9,8,8,6,4,3,2,2,2,1,1,1,1,0
Sao Tome and Principe,F,11,10,9,8,8,6,4,3,3,3,2,1,1,1,1,1
Northern Africa,M,11187,10577,10532,10441,9580,7933,6647,5845,5117,4430,3502,2637,1768,1342,862,571
Northern Africa,F,10705,10148,10168,10213,9564,8040,6777,5920,5192,4436,3527,2801,1998,1620,1061,809
Algeria,M,1611,1533,1824,1895,1849,1575,1331,1144,958,728,593,370,264,218,152,93
Algeria,F,1538,1465,1749,1824,1791,1535,1303,1121,936,712,590,419,300,265,186,150
Egypt,M,4346,4124,3997,4138,3690,2942,2396,2241,2050,1779,1423,1174,732,535,330,225
Egypt,F,4152,3951,3854,4019,3657,2959,2386,2196,2018,1818,1467,1254,843,651,436,329
Libyan Arab Jamahiriya,M,337,288,278,296,348,293,245,186,150,133,97,72,56,37,24,16
Libyan Arab Jamahiriya,F,319,273,265,286,342,294,253,196,150,111,89,66,54,39,25,22
Morocco,M,1490,1538,1597,1536,1405,1147,1013,901,824,835,617,428,290,240,153,108
Morocco,F,1424,1475,1558,1577,1529,1308,1183,1012,919,820,597,439,331,307,178,148
Sudan,M,2977,2660,2326,2022,1758,1492,1250,1019,826,670,533,430,312,211,124,72
Sudan,F,2864,2566,2252,1968,1724,1471,1238,1018,835,688,557,464,346,243,150,95
Tunisia,M,401,411,484,528,503,455,387,331,292,272,230,157,112,99,78,57
Tunisia,F,384,395,467,515,496,449,393,359,320,276,222,156,121,114,84,65
Western Sahara,M,25,24,24,26,27,27,25,22,18,14,9,5,3,2,1,1
Western Sahara,F,24,23,23,25,25,24,22,18,14,10,6,4,2,2,1,1
Southern Africa,M,3016,2945,2952,2974,2790,2377,1947,1559,1297,1124,925,683,476,289,156,97
Southern Africa,F,2990,2923,2933,2936,2652,2129,1766,1563,1425,1317,1111,842,642,449,282,230
Botswana,M,107,109,111,112,106,86,63,47,38,34,30,20,15,10,5,3
Botswana,F,105,107,110,110,101,74,52,42,39,39,34,23,18,14,8,6
Lesotho,M,135,136,131,124,110,84,54,33,25,22,19,17,14,12,8,5
Lesotho,F,133,134,130,122,104,72,49,40,37,35,32,26,19,16,11,9
Namibia,M,140,135,129,113,98,86,71,56,45,34,26,20,15,10,6,5
Namibia,F,137,133,128,113,96,81,67,56,49,41,33,25,19,13,9,7
South Africa,M,2560,2490,2503,2553,2423,2085,1734,1402,1172,1020,837,615,424,252,134,82
South Africa,F,2541,2474,2489,2520,2298,1865,1572,1402,1279,1184,996,755,576,400,250,205
Swaziland,M,75,75,78,72,53,35,26,21,17,14,12,10,7,5,3,2
Swaziland,F,74,74,76,71,54,36,27,23,21,19,16,12,9,7,4,3
Western Africa,M,21909,18755,16223,14077,12095,10131,8075,6324,5186,4181,3314,2644,2001,1310,732,441
Western Africa,F,21120,18128,15775,13820,11930,9923,7868,6259,5220,4358,3568,2860,2213,1497,870,579
Benin,M,635,546,469,395,334,280,231,188,151,116,88,61,49,30,17,11
Benin,F,630,549,477,404,341,286,236,193,157,126,99,82,68,46,28,21
Burkina Faso,M,1234,1061,912,773,647,529,410,321,239,174,122,104,69,42,21,10
Burkina Faso,F,1192,1025,883,756,643,537,429,350,277,219,169,144,104,66,35,17
Cape Verde,M,26,28,30,28,23,18,14,13,12,8,6,2,3,4,3,2
Cape Verde,F,26,28,29,26,21,17,13,13,13,10,8,3,4,5,5,4
Côte d'Ivoire,M,1355,1207,1079,926,790,663,526,423,364,323,282,227,176,119,67,40
Côte d'Ivoire,F,1347,1202,1076,924,787,639,475,369,321,286,245,187,145,101,59,40
Gambia,M,127,110,94,81,70,56,40,34,26,22,17,12,10,6,3,1
Gambia,F,125,110,95,85,76,63,46,38,29,22,16,10,9,5,3,1
Ghana,M,1596,1415,1312,1175,1026,874,729,605,489,385,294,254,187,128,77,54
Ghana,F,1520,1348,1251,1124,986,842,703,585,480,383,296,258,195,137,86,66
Guinea,M,715,619,542,465,387,319,261,215,175,147,119,82,64,44,25,16
Guinea,F,690,600,525,451,376,310,252,207,172,148,124,90,74,53,33,23
Guinea-Bissau,M,103,90,81,70,61,48,47,25,26,21,22,14,10,6,4,2
Guinea-Bissau,F,102,90,81,70,62,48,48,26,27,23,25,15,12,8,5,3
Liberia,M,293,243,207,186,163,135,108,85,67,53,40,29,23,15,8,4
Liberia,F,283,237,203,182,160,132,104,84,70,58,46,33,27,18,10,7
Mali,M,1207,1006,836,707,597,486,379,279,200,152,120,85,68,40,21,10
Mali,F,1158,966,804,685,585,485,389,301,232,187,155,119,97,58,30,15
Mauritania,M,233,208,187,165,145,126,106,85,67,52,38,26,19,12,6,3
Mauritania,F,225,201,180,160,140,123,103,84,68,55,42,34,25,17,9,4
Niger,M,1270,1046,799,567,450,429,357,294,316,242,169,127,81,45,22,10
Niger,F,1205,992,808,650,533,443,372,307,245,191,146,130,93,54,25,11
Nigeria,M,11401,9668,8351,7393,6424,5358,4221,3248,2656,2183,1764,1433,1104,733,414,256
Nigeria,F,10914,9276,8032,7142,6219,5159,4017,3152,2689,2304,1926,1543,1205,832,495,343
Senegal,M,905,787,696,599,495,403,320,248,186,137,104,89,69,44,21,8
Senegal,F,886,772,685,596,504,422,343,272,212,162,125,102,78,49,23,8
Sierra Leone,M,412,354,298,256,230,194,155,129,104,83,63,48,31,17,7,2
Sierra Leone,F,421,367,313,269,240,205,168,142,117,95,74,51,32,15,5,1
Togo,M,398,365,330,293,253,211,169,133,105,84,67,52,40,27,16,11
Togo,F,398,366,332,297,256,212,169,135,111,90,73,58,45,32,20,15
ASIA,M,185879,190957,195431,196228,176651,159092,161015,151903,126245,108137,95533,66871,48570,36855,24278,19076
ASIA,F,168641,173865,179175,183180,167155,151455,154374,145571,122139,104075,92964,68247,51449,41275,29431,28124
Eastern Asia,M,52107,58606,63658,69950,59892,55427,70165,71455,56590,49566,48750,35062,25148,19609,13459,10821
Eastern Asia,F,43330,49938,55631,63936,56566,52957,67702,68115,54334,46730,46298,34773,25673,21238,16345,17471
China,M,46225,51776,56449,62788,51849,47163,60851,62650,48338,41824,41619,27981,19586,15110,10074,7369
China,F,37825,43537,48899,57176,48910,44897,58471,59326,46086,38931,39000,27326,19412,15736,11717,10842
China Hong Kong SAR,M,117,191,241,226,235,230,241,254,315,312,249,194,117,111,93,99
China Hong Kong SAR,F,103,172,224,221,260,294,327,341,385,342,261,193,112,112,104,152
China Macao SAR,M,11,14,19,23,20,21,24,22,23,24,17,14,7,5,3,4
China Macao SAR,F,10,13,20,24,23,24,27,31,29,25,15,11,5,4,4,7
Dem. People's Republic of Korea,M,931,1054,1065,937,926,744,1051,1091,815,752,406,495,402,257,105,42
Dem. People's Republic of Korea,F,893,990,1014,900,897,724,1028,1072,806,754,424,559,544,457,290,217
Japan,M,2883,2999,3079,3366,3843,4293,4941,4353,4000,3794,4280,4807,3828,3154,2523,2723
Japan,F,2731,2860,2936,3210,3671,4111,4818,4280,3956,3798,4363,5028,4220,3692,3294,5273
Mongolia,M,113,122,140,160,131,114,104,89,79,53,36,23,19,14,8,6
Mongolia,F,110,119,137,158,129,115,106,93,85,61,41,27,23,17,13,12
Republic of Korea,M,1236,1653,1812,1619,1906,1848,2047,2047,2052,1918,1379,1073,832,665,414,279
Republic of Korea,F,1144,1514,1616,1470,1741,1807,2029,2038,2029,1923,1412,1131,963,876,665,675
Other non-specified areas,M,592,798,853,833,981,1015,907,949,968,890,763,474,358,294,239,299
Other non-specified areas,F,515,734,784,776,936,985,896,934,958,896,783,498,394,345,258,293
South-Central Asia,M,93623,93314,92148,87733,79457,69750,60036,53291,46158,39057,31570,21737,16043,11659,7147,5562
South-Central Asia,F,86929,86513,85421,82157,74871,66019,56874,50634,44171,37485,30849,22323,17079,13015,8134,6470
Central Asia,M,2821,2913,3325,3292,2652,2166,1946,1703,1697,1387,960,585,350,419,203,172
Central Asia,F,2714,2806,3227,3234,2652,2213,2027,1822,1856,1547,1141,726,451,628,337,405
Kazakhstan,M,606,562,711,808,688,596,546,490,514,437,332,212,110,146,51,41
Kazakhstan,F,578,537,686,789,677,609,574,529,577,517,428,293,189,276,120,152
Kyrgyzstan,M,247,266,302,307,230,177,167,152,152,115,74,44,26,34,17,19
Kyrgyzstan,F,239,256,296,307,229,175,174,160,165,124,90,57,33,48,26,33
Tajikistan,M,424,429,424,387,272,192,168,150,155,118,73,45,33,35,20,16
Tajikistan,F,407,414,414,389,287,217,193,175,170,130,86,51,32,45,28,31
Turkmenistan,M,252,239,282,272,224,191,167,150,134,110,74,45,27,29,16,12
Turkmenistan,F,244,233,277,269,227,196,172,152,151,124,87,53,32,40,25,26
Uzbekistan,M,1293,1416,1605,1520,1238,1010,897,762,741,608,406,239,153,174,98,85
Uzbekistan,F,1246,1367,1554,1480,1232,1016,913,805,793,651,450,272,164,218,138,163
Southern Asia,M,90802,90401,88823,84440,76805,67583,58090,51587,44461,37670,30609,21153,15693,11240,6944,5389
Southern Asia,F,84214,83707,82194,78922,72219,63807,54847,48812,42315,35939,29709,21597,16628,12386,7797,6066
Afghanistan,M,2468,2207,1817,1477,1197,972,796,646,516,407,313,242,162,100,52,28
Afghanistan,F,2310,2059,1688,1364,1101,889,725,589,473,378,296,235,164,105,58,34
Bangladesh,M,8092,8224,7953,7398,6963,6072,5000,4668,3820,2798,1936,1444,1234,995,653,543
Bangladesh,F,7736,7784,7554,7261,6874,6044,4978,4558,3792,2668,1932,1617,1368,953,592,480
Bhutan,M,36,36,39,40,44,35,25,23,17,16,11,9,7,5,3,2
Bhutan,F,35,35,39,38,32,27,21,18,14,13,10,7,6,5,3,3
India,M,64702,64018,62907,59549,54556,49061,42954,38169,33145,28651,23845,16087,11600,8112,4852,3693
India,F,59284,58604,57462,54724,50309,45500,39921,35590,31037,27077,22908,16298,12392,9339,5826,4463
Iran (Islamic Republic of),M,2743,2804,3655,4606,4448,3400,2663,2348,2003,1656,1266,800,610,552,458,388
Iran (Islamic Republic of),F,2614,2662,3491,4501,4451,3353,2540,2259,1963,1606,1270,854,619,514,384,344
Maldives,M,14,16,19,20,16,12,10,9,8,6,4,3,3,3,2,1
Maldives,F,13,15,18,20,17,13,11,9,8,6,4,3,3,2,1,1
Nepal,M,1905,1862,1700,1482,1261,1046,853,695,571,469,378,288,240,163,94,59
Nepal,F,1807,1762,1610,1418,1244,1084,943,815,682,551,435,343,289,203,121,81
Pakistan,M,9956,10443,9909,9032,7443,6180,5084,4330,3730,3070,2378,1873,1544,1101,694,538
Pakistan,F,9560,10022,9536,8779,7317,6077,4977,4243,3656,2999,2327,1786,1448,1013,641,492
Sri Lanka,M,886,790,823,838,877,806,705,700,653,598,479,407,292,209,136,137
Sri Lanka,F,856,764,797,818,873,821,733,732,689,641,527,454,338,252,170,169
South-Eastern Asia,M,27808,27360,28274,27394,26093,23534,21887,19835,17479,14683,11357,7517,5613,4177,2692,1997
South-Eastern Asia,F,26661,26277,27279,26763,25962,23747,22311,20424,18037,15259,11979,8471,6686,5309,3667,3082
Brunei Darussalam,M,18,17,17,17,18,19,18,14,13,11,9,5,3,2,1,1
Brunei Darussalam,F,17,15,15,17,19,22,20,15,13,9,7,4,2,2,2,1
Cambodia,M,742,798,881,719,727,357,433,387,323,254,196,144,97,52,29,18
Cambodia,F,711,767,840,712,759,382,433,414,374,309,248,198,147,93,61,41
Indonesia,M,11245,10787,10966,10869,10779,10043,9269,8387,7226,5907,4311,2961,2376,1757,1048,685
Indonesia,F,10832,10411,10633,10683,10810,10212,9430,8473,7197,5882,4356,3305,2830,2188,1402,1033
Lao People's Democratic Republic,M,360,383,388,332,265,215,179,149,127,103,82,57,42,31,19,13
Lao People's Democratic Republic,F,346,369,376,325,264,219,188,158,133,108,86,67,51,39,25,20
Malaysia,M,1518,1460,1336,1262,1180,1061,974,896,870,728,587,421,279,204,108,72
Malaysia,F,1431,1380,1280,1225,1163,1051,960,884,857,712,569,416,267,213,126,86
Myanmar,M,2023,2190,2227,2260,2087,1967,1929,1638,1399,1204,992,637,433,303,208,145
Myanmar,F,1981,2148,2198,2268,2137,2034,1997,1705,1468,1277,1077,705,499,383,273,216
Philippines,M,5782,5370,4955,4510,3921,3389,2857,2489,2156,1797,1442,922,636,407,242,143
Philippines,F,5518,5130,4746,4351,3827,3351,2862,2523,2215,1892,1576,1038,783,561,359,259
Singapore,M,145,193,190,165,195,202,199,229,212,207,169,126,79,57,39,37
Singapore,F,136,180,177,154,182,189,191,230,216,209,171,129,83,64,47,54
Thailand,M,2462,2579,2674,2668,2711,2730,2698,2645,2438,2250,1839,1324,959,772,518,462
Thailand,F,2337,2456,2558,2569,2647,2732,2833,2897,2695,2468,1975,1435,1098,960,680,693
Timor-Leste,M,84,83,68,50,43,26,28,21,17,17,14,10,7,5,2,1
Timor-Leste,F,80,80,65,47,39,23,24,21,20,16,13,11,8,5,3,2
Viet Nam,M,3430,3502,4573,4542,4167,3524,3302,2981,2700,2206,1717,912,703,588,479,419
Viet Nam,F,3273,3342,4390,4411,4117,3534,3374,3105,2848,2375,1900,1164,919,801,689,677
Western Asia,M,12342,11676,11352,11152,11208,10380,8927,7324,6019,4831,3857,2554,1766,1409,979,697
Western Asia,F,11721,11136,10844,10324,9756,8731,7487,6398,5596,4601,3838,2680,2012,1713,1285,1101
Armenia,M,111,102,136,152,127,91,73,72,100,103,76,45,26,48,29,28
Armenia,F,95,90,129,155,139,115,92,96,131,131,100,62,40,72,45,56
Azerbaijan,M,301,299,467,524,417,319,294,297,365,296,191,98,63,83,66,37
Azerbaijan,F,255,269,441,497,406,339,325,345,393,330,214,109,81,116,93,63
Bahrain,M,40,42,35,70,130,117,91,76,51,43,23,10,6,3,2,2
Bahrain,F,39,39,34,49,55,51,42,35,30,21,13,7,5,4,2,2
Cyprus,M,32,36,44,50,55,48,41,38,37,35,31,25,20,16,11,12
Cyprus,F,30,34,40,44,48,42,39,37,35,35,30,27,22,17,13,17
Georgia,M,122,125,169,186,159,140,135,129,153,145,121,92,62,86,49,43
Georgia,F,106,112,169,183,162,155,148,148,183,169,145,115,86,124,79,96
Iraq,M,2341,2018,1711,1473,1255,1102,915,692,428,322,339,209,183,124,70,38
Iraq,F,2212,1910,1623,1398,1193,1055,901,748,528,412,422,242,224,176,122,100
Israel,M,342,318,290,282,279,273,249,210,191,179,186,158,102,81,67,78
Israel,F,325,301,275,274,278,274,251,214,199,193,202,171,115,102,93,134
Jordan,M,397,376,349,339,290,236,206,145,98,77,69,59,51,37,22,16
Jordan,F,377,356,328,316,273,219,185,134,97,79,69,57,48,34,21,15
Kuwait,M,129,103,96,137,217,205,186,153,89,72,30,27,8,15,15,5
Kuwait,F,122,95,87,103,123,117,96,78,46,38,19,17,7,10,7,2
Lebanon,M,170,200,196,188,187,170,153,133,116,99,85,60,48,43,30,21
Lebanon,F,164,193,190,184,187,179,167,152,138,118,100,70,57,48,33,28
Occupied Palestinian Territory,M,288,272,249,188,158,133,108,90,72,50,38,34,23,16,9,5
Occupied Palestinian Territory,F,275,261,239,181,153,129,106,89,71,50,40,32,24,17,10,8
Oman,M,124,116,140,210,262,183,134,108,66,58,28,26,11,11,7,7
Oman,F,122,111,128,133,132,108,73,56,38,35,21,18,11,10,6,8
Qatar,M,40,35,44,147,233,225,205,148,97,59,29,11,4,6,1,1
Qatar,F,39,33,25,40,62,54,43,31,21,16,9,4,2,2,1,1
Saudi Arabia,M,1393,1237,1260,1244,1362,1705,1594,1179,848,669,471,231,166,82,86,66
Saudi Arabia,F,1357,1198,1235,1208,1091,1139,954,670,524,431,310,183,179,65,73,96
Syrian Arab Republic,M,1336,1255,1170,996,814,673,585,536,422,366,313,208,145,104,68,60
Syrian Arab Republic,F,1247,1201,1080,920,845,698,604,548,412,371,325,189,148,121,86,72
Turkey,M,3187,3325,3310,3223,3333,3065,2699,2394,2212,1764,1511,1051,714,572,399,246
Turkey,F,3055,3201,3206,3145,3280,3053,2738,2440,2272,1807,1549,1171,818,697,543,358
United Arab Emirates,M,214,236,224,497,908,951,750,520,337,212,101,37,10,5,3,3
United Arab Emirates,F,197,212,205,285,332,279,217,147,98,59,31,10,3,3,2,2
Yemen,M,1775,1581,1462,1246,1023,746,508,403,338,282,217,173,124,79,45,30
Yemen,F,1705,1521,1410,1209,996,726,507,432,379,306,241,197,142,95,56,42
EUROPE,M,18969,19143,21777,26109,27030,26699,26566,26674,27139,25606,22836,19443,14169,13744,9519,9900
EUROPE,F,18039,18175,20766,25167,26301,26264,26318,26785,28007,27474,25463,22355,17401,19108,14573,21011
Eastern Europe,M,7126,7112,9002,12220,12487,11597,10520,9408,10234,10554,9266,6715,4086,4595,2709,2458
Eastern Europe,F,6762,6782,8608,11804,12204,11567,10677,9816,11181,12196,11428,8968,6300,8242,5439,6788
Belarus,M,233,242,311,404,400,358,338,306,360,357,278,197,121,135,86,72
Belarus,F,220,229,294,387,394,360,355,337,395,409,343,272,196,263,198,231
Bulgaria,M,170,167,205,257,270,292,281,262,255,255,248,235,172,140,117,103
Bulgaria,F,160,158,194,246,256,279,273,258,259,269,276,280,223,198,178,182
Czech Republic,M,234,240,329,360,400,507,396,376,314,368,378,346,227,148,128,116
Czech Republic,F,221,228,313,336,375,480,374,357,303,370,398,388,274,203,203,257
Hungary,M,246,255,306,328,353,428,392,345,293,328,343,267,214,154,118,117
Hungary,F,233,243,293,316,341,411,381,341,304,362,400,334,299,255,217,276
Poland,M,893,1018,1278,1516,1674,1570,1328,1143,1231,1483,1389,990,585,546,442,387
Poland,F,846,970,1222,1465,1629,1532,1301,1128,1249,1564,1547,1166,772,818,744,917
Republic of Moldova,M,89,104,146,175,147,120,103,108,127,126,114,80,50,44,28,23
Republic of Moldova,F,87,101,144,178,149,124,116,110,141,146,133,92,70,75,52,55
Romania,M,546,577,612,864,807,938,856,871,591,717,684,531,385,388,278,229
Romania,F,515,547,583,831,775,902,837,863,603,763,762,627,497,555,436,438
Russian Federation,M,3564,3285,4198,6268,6308,5437,5036,4382,5300,5174,4336,2959,1552,2134,1061,975
Russian Federation,F,3390,3145,4019,6078,6217,5537,5196,4680,5929,6213,5657,4240,2699,4224,2483,3171
Slovakia,M,134,148,190,219,234,246,215,183,191,195,184,130,91,64,47,44
Slovakia,F,127,141,182,210,225,236,207,180,191,203,202,155,124,101,86,103
Ukraine,M,1017,1076,1427,1829,1895,1702,1575,1431,1572,1552,1312,980,688,841,405,392
Ukraine,F,961,1022,1363,1757,1844,1706,1637,1561,1806,1897,1710,1415,1147,1550,842,1159
Northern Europe,M,2823,2909,3260,3449,3357,3194,3395,3636,3556,3178,2894,2972,2294,1798,1367,1591
Northern Europe,F,2695,2762,3079,3283,3259,3162,3390,3648,3608,3249,2995,3117,2500,2104,1776,2897
Channel Islands,M,4,4,4,5,5,5,5,6,6,6,5,5,4,3,2,2
Channel Islands,F,4,4,4,4,5,5,6,7,7,6,5,5,4,3,3,4
Denmark,M,168,177,182,169,154,175,193,211,204,184,173,188,149,104,71,81
Denmark,F,161,168,173,162,154,175,192,205,199,181,174,190,156,116,89,147
Estonia,M,34,32,39,55,51,47,46,42,43,43,38,31,24,23,15,14
Estonia,F,32,30,37,52,50,47,47,45,48,50,49,43,38,41,33,43
Finland,M,148,153,171,166,175,175,160,179,191,188,191,198,129,100,75,79
Finland,F,141,146,164,159,167,166,152,174,187,188,195,206,142,121,106,172
Iceland,M,11,11,12,12,13,12,11,11,11,11,9,8,6,4,4,4
Iceland,F,11,11,12,11,12,11,11,11,11,11,9,8,6,4,4,6
Ireland,M,155,147,143,154,179,188,177,161,148,134,121,108,82,62,46,45
Ireland,F,148,139,136,148,178,184,175,157,148,134,120,107,84,67,55,80
Latvia,M,52,49,68,95,87,79,80,74,79,73,63,47,46,37,26,22
Latvia,F,49,47,66,92,84,78,80,77,87,84,79,67,72,69,56,72
Lithuania,M,77,92,119,138,126,110,113,117,124,110,85,68,59,51,37,32
Lithuania,F,73,87,114,134,121,107,116,123,136,130,106,96,93,92,77,91
Norway,M,150,162,170,155,157,159,187,193,172,163,147,160,103,72,59,78
Norway,F,145,153,161,148,151,153,177,180,161,158,143,156,106,81,73,144
Sweden,M,261,249,326,319,289,300,322,337,323,292,288,313,266,181,136,183
Sweden,F,247,236,309,304,276,286,312,326,311,286,285,314,269,197,168,311
United Kingdom,M,1761,1829,2019,2175,2116,1940,2096,2300,2250,1971,1769,1840,1422,1159,894,1047
United Kingdom,F,1681,1736,1898,2064,2058,1946,2119,2339,2307,2018,1826,1921,1528,1309,1109,1823
Southern Europe,M,3959,3895,4115,4500,5301,6108,6365,6181,5792,5150,4620,4271,3412,3136,2545,2696
Southern Europe,F,3757,3654,3912,4343,5034,5799,6051,6040,5780,5278,4816,4589,3884,3823,3470,4945
Albania,M,128,143,147,161,135,98,100,97,104,106,74,59,53,44,28,19
Albania,F,116,132,139,153,141,109,106,105,103,104,70,57,56,46,32,31
Bosnia and Herzegovina,M,93,114,116,148,145,133,125,128,142,139,125,91,66,73,51,34
Bosnia and Herzegovina,F,87,106,109,144,144,138,144,150,156,149,135,104,81,91,69,64
Croatia,M,107,124,132,141,157,158,149,150,159,162,155,127,88,90,65,49
Croatia,F,101,118,126,136,152,153,148,151,161,167,160,143,112,128,109,118
Greece,M,275,275,287,329,414,470,461,451,395,380,345,315,240,248,211,221
Greece,F,259,260,270,306,378,432,433,442,400,394,355,340,275,312,271,329
Italy,M,1439,1445,1510,1554,1787,2148,2516,2539,2357,1992,1807,1817,1490,1402,1076,1207
Italy,F,1389,1341,1449,1531,1679,2044,2362,2449,2324,2043,1885,1921,1674,1661,1473,2339
Malta,M,10,12,14,16,16,16,14,13,15,16,15,15,8,8,5,5
Malta,F,9,12,14,15,15,15,13,12,15,16,15,15,9,10,7,8
Montenegro,M,21,22,22,25,25,23,20,20,21,22,20,15,10,11,7,6
Montenegro,F,20,20,20,24,24,23,22,21,22,22,21,18,12,15,10,9
Portugal,M,286,277,285,307,370,421,420,391,385,352,322,288,240,215,172,173
Portugal,F,269,266,273,296,360,415,419,397,400,371,349,325,287,273,243,313
Serbia,M,307,300,333,365,378,372,357,331,319,323,342,252,172,170,142,122
Serbia,F,285,279,313,348,364,359,345,328,317,327,358,275,205,221,196,186
Slovenia,M,46,48,54,66,74,80,76,75,78,78,77,59,43,38,26,23
Slovenia,F,44,45,51,63,70,75,73,73,78,77,74,62,49,50,44,60
Spain,M,1183,1063,1133,1301,1709,2100,2043,1904,1738,1505,1269,1179,962,805,738,820
Spain,F,1117,1009,1070,1243,1620,1950,1907,1833,1727,1535,1324,1273,1078,976,985,1455
TFYR Macedonia,M,61,69,79,82,86,83,78,75,73,71,64,48,38,30,21,15
TFYR Macedonia,F,57,64,74,78,81,78,74,72,71,69,66,53,44,38,30,27
Western Europe,M,5061,5226,5401,5941,5886,5800,6287,7449,7557,6724,6057,5485,4378,4216,2898,3155
Western Europe,F,4825,4976,5167,5738,5804,5735,6200,7281,7438,6751,6224,5681,4717,4939,3888,6381
Austria,M,211,225,258,266,281,267,298,353,356,301,244,224,211,162,113,127
Austria,F,200,213,246,257,275,264,298,348,349,302,254,240,237,196,155,276
Belgium,M,307,300,316,323,336,346,374,397,405,382,346,314,226,206,173,183
Belgium,F,294,289,304,315,332,343,368,388,398,380,347,323,245,246,234,355
France,M,1966,1900,1917,2044,2027,1937,2147,2147,2139,2034,1972,1885,1237,1083,932,1145
France,F,1880,1811,1832,1973,1996,1922,2141,2178,2212,2139,2083,1987,1343,1295,1283,2227
Germany,M,1846,2061,2133,2555,2484,2479,2563,3533,3667,3122,2691,2275,2130,2326,1351,1350
Germany,F,1757,1961,2047,2467,2455,2438,2493,3375,3512,3056,2743,2347,2294,2703,1782,2839
Luxembourg,M,15,16,15,15,18,19,19,22,21,18,15,13,10,8,6,6
Luxembourg,F,14,15,15,15,18,19,20,21,20,17,15,12,10,9,8,13
Netherlands,M,519,509,523,505,494,498,596,664,657,596,549,541,386,293,215,218
Netherlands,F,495,484,497,485,483,496,592,645,641,589,541,536,395,327,280,429
Switzerland,M,194,214,237,230,244,250,285,330,309,269,238,230,176,136,107,126
Switzerland,F,182,202,224,224,244,251,286,324,304,263,239,234,191,161,145,240
LATIN AMERICA AND THE CARIBBEAN,M,28294,28037,27384,26110,24629,22464,20282,18364,16682,13829,11357,8579,6484,4832,3259,3338
LATIN AMERICA AND THE CARIBBEAN,F,27221,27086,26722,25970,24841,23060,21061,19271,17644,14851,12359,9491,7398,5831,4305,5210
Caribbean,M,1873,1905,1884,1806,1605,1393,1437,1410,1321,1018,875,681,555,433,295,319
Caribbean,F,1799,1841,1838,1785,1617,1419,1464,1442,1360,1062,926,728,603,496,363,453
Aruba,M,3,4,4,3,3,3,4,4,5,4,3,2,2,1,1,1
Aruba,F,3,4,4,4,3,3,4,5,5,5,4,3,2,2,1,1
Bahamas,M,12,14,16,15,15,12,13,12,12,10,8,6,4,3,2,1
Bahamas,F,12,14,15,15,15,13,14,13,13,11,9,7,5,4,3,3
Barbados,M,7,10,10,10,10,10,11,11,11,10,8,7,4,3,3,3
Barbados,F,7,9,10,9,9,9,10,10,11,11,9,7,5,4,4,5
Cuba,M,345,365,396,428,359,354,509,536,519,338,319,252,218,176,119,135
Cuba,F,324,346,376,405,342,338,491,521,510,337,325,258,228,193,140,185
Dominican Republic,M,527,503,491,450,405,354,323,294,264,223,176,128,97,81,59,67
Dominican Republic,F,508,488,482,447,408,359,327,298,266,224,176,129,98,84,63,74
Grenada,M,5,5,6,6,5,4,3,2,3,2,2,1,1,1,1,1
Grenada,F,4,5,6,6,5,4,3,2,3,2,2,1,1,1,1,1
Guadeloupe,M,17,18,18,15,12,11,14,16,17,14,12,10,8,6,5,6
Guadeloupe,F,16,18,17,14,13,14,19,20,20,16,14,12,9,8,6,10
Haiti,M,604,590,552,502,451,334,254,230,201,168,141,100,85,59,34,21
Haiti,F,585,576,547,513,464,349,268,236,211,175,151,114,96,72,44,29
Jamaica,M,126,150,136,116,94,85,90,93,82,61,56,38,32,26,18,20
Jamaica,F,125,149,131,113,102,95,96,100,86,67,54,37,33,28,24,33
Martinique,M,13,14,15,15,11,9,12,14,15,14,11,10,8,7,5,6
Martinique,F,13,14,14,14,12,11,15,18,18,16,14,12,9,8,7,11
Netherlands Antilles,M,7,7,6,5,6,6,8,8,8,7,6,5,3,2,2,2
Netherlands Antilles,F,7,7,5,6,7,8,9,9,10,8,7,5,4,3,2,3
Puerto Rico,M,132,147,150,143,134,130,122,118,110,107,89,87,69,51,38,48
Puerto Rico,F,121,136,147,141,136,135,132,133,127,124,110,105,81,66,51,77
Saint Lucia,M,7,8,9,8,8,7,6,5,5,4,3,2,2,1,1,1
Saint Lucia,F,7,8,9,9,8,7,6,6,6,4,3,3,2,2,1,2
Saint Vincent and the Grenadines,M,5,5,5,5,5,4,4,4,4,3,2,2,1,1,1,1
Saint Vincent and the Grenadines,F,5,5,5,5,5,4,4,3,4,3,2,2,1,1,1,1
Trinidad and Tobago,M,46,46,53,67,70,55,48,44,48,39,29,22,15,10,6,5
Trinidad and Tobago,F,44,45,52,66,69,55,50,48,53,44,34,27,20,15,11,12
United States Virgin Islands,M,4,4,4,4,3,2,3,3,4,4,3,4,3,2,1,1
United States Virgin Islands,F,4,4,5,4,3,3,3,4,4,4,4,4,3,2,2,2
Central America,M,8226,7924,7808,6828,6076,5686,5403,4552,3898,3264,2661,1930,1547,1144,799,787
Central America,F,7927,7691,7734,7068,6407,6021,5690,4866,4160,3499,2857,2042,1656,1272,1013,1179
Belize,M,18,18,17,15,14,11,10,8,7,5,4,3,2,2,1,1
Belize,F,18,19,18,15,14,11,10,9,8,5,4,3,2,2,1,2
Costa Rica,M,200,209,221,233,214,186,161,161,157,128,100,69,49,37,25,30
Costa Rica,F,190,198,208,220,203,179,156,156,152,124,98,70,53,41,30,39
El Salvador,M,320,376,366,302,230,183,156,140,119,96,84,70,62,48,33,41
El Salvador,F,306,362,357,313,263,232,204,183,160,128,107,87,78,63,47,60
Guatemala,M,1017,906,794,647,539,419,324,261,218,186,168,141,104,81,56,47
Guatemala,F,988,892,796,676,592,495,404,322,262,213,186,154,112,89,67,66
Honduras,M,471,460,436,380,322,261,207,176,147,121,98,73,54,42,30,27
Honduras,F,453,444,425,377,328,274,222,187,151,122,99,73,56,45,34,39
Mexico,M,5693,5447,5485,4811,4362,4291,4248,3547,3029,2543,2062,1475,1189,872,611,600
Mexico,F,5484,5288,5450,5028,4606,4480,4386,3743,3198,2711,2209,1551,1264,964,784,917
Nicaragua,M,332,339,331,287,255,201,165,139,119,101,79,46,44,34,23,22
Nicaragua,F,319,327,329,291,264,220,179,147,126,111,86,50,48,37,27,32
Panama,M,175,169,158,153,142,134,131,120,102,83,67,53,42,29,20,19
Panama,F,168,162,151,148,138,131,130,119,102,84,68,54,43,31,23,25
South America,M,18195,18208,17692,17476,16947,15384,13443,12403,11462,9548,7821,5968,4383,3255,2165,2232
South America,F,17496,17554,17150,17118,16817,15620,13908,12963,12125,10290,8576,6721,5139,4063,2930,3578
Argentina,M,1671,1717,1735,1681,1609,1623,1350,1177,1093,992,910,764,608,460,330,324
Argentina,F,1614,1661,1683,1636,1579,1613,1355,1194,1133,1080,1003,875,735,618,510,692
Bolivia (Plurinational State of),M,617,579,546,467,395,338,300,246,206,173,140,111,83,60,37,25
Bolivia (Plurinational State of),F,594,557,527,454,390,341,309,258,218,186,155,125,97,74,49,39
Brazil,M,8761,8792,8347,8617,8809,7866,6853,6345,5988,4931,3966,2966,2131,1626,1047,1159
Brazil,F,8424,8482,8108,8464,8768,8076,7207,6731,6429,5389,4421,3397,2536,2036,1394,1724
Chile,M,630,676,756,742,668,588,618,614,620,529,406,319,251,173,123,128
Chile,F,607,653,732,721,653,581,618,621,635,548,429,349,291,217,172,229
Colombia,M,2253,2239,2216,2073,1914,1744,1520,1494,1315,1077,871,637,431,300,200,196
Colombia,F,2162,2153,2143,2038,1930,1809,1621,1619,1443,1199,986,739,519,380,270,306
Ecuador,M,749,738,701,672,625,557,484,426,365,309,260,189,148,113,78,80
Ecuador,F,720,711,678,656,617,555,487,431,373,317,271,199,160,127,92,105
French Guiana,M,13,12,11,10,8,7,8,7,7,6,5,3,2,1,1,1
French Guiana,F,13,12,11,9,8,8,8,8,6,5,5,3,2,1,1,1
Guyana,M,47,51,41,30,28,27,27,25,21,16,13,8,5,4,2,2
Guyana,F,43,47,38,30,29,28,27,24,21,16,13,9,7,5,4,3
Paraguay,M,368,357,342,320,287,228,182,167,149,130,110,82,60,44,26,27
Paraguay,F,355,345,332,313,282,225,183,167,147,127,106,80,61,46,30,36
Peru,M,1477,1477,1454,1355,1230,1148,1006,878,757,614,496,385,301,227,151,131
Peru,F,1423,1428,1412,1327,1209,1132,998,877,763,629,516,408,329,259,184,188
Suriname,M,26,26,22,23,23,19,20,19,18,13,9,7,5,4,3,2
Suriname,F,25,25,22,23,22,18,19,17,17,13,10,8,7,5,4,4
Uruguay,M,128,133,136,127,116,121,113,100,100,93,81,70,59,46,38,39
Uruguay,F,123,128,130,123,114,121,115,105,107,102,90,83,74,67,59,82
Venezuela (Bolivarian Republic of),M,1454,1410,1385,1360,1235,1119,961,906,824,665,553,427,298,197,131,119
Venezuela (Bolivarian Republic of),F,1393,1352,1334,1323,1216,1111,961,910,833,678,571,446,323,227,161,168
NORTHERN AMERICA,M,11589,11118,12280,12344,12516,11269,11450,11547,12768,12248,10554,8954,6449,4676,3573,4702
NORTHERN AMERICA,F,11074,10603,11653,11659,11906,10901,11256,11481,12976,12658,11169,9664,7274,5569,4650,8456
Canada,M,911,988,1160,1188,1186,1148,1141,1221,1408,1321,1128,972,711,515,411,495
Canada,F,864,938,1104,1137,1157,1137,1131,1203,1388,1331,1162,1009,756,578,496,839
United States of America,M,10673,10126,11116,11152,11325,10117,10304,10320,11353,10922,9422,7979,5735,4160,3161,4207
United States of America,F,10206,9661,10545,10517,10744,9761,10122,10273,11582,11323,10003,8652,6515,4989,4153,7615
OCEANIA,M,1480,1463,1455,1456,1382,1253,1293,1185,1172,1054,919,831,604,450,324,407
OCEANIA,F,1395,1381,1373,1381,1340,1244,1302,1197,1190,1075,943,845,622,490,378,632
Australia/New Zealand,M,846,873,939,1005,969,881,955,912,945,869,776,728,534,406,300,391
Australia/New Zealand,F,805,829,887,954,944,886,977,934,967,891,795,737,544,437,345,605
Australia,M,700,721,774,843,826,752,811,764,787,728,652,614,449,339,252,332
Australia,F,665,685,731,800,800,746,819,772,800,743,667,619,455,363,290,512
New Zealand,M,147,152,165,162,143,129,144,148,158,141,124,114,85,67,48,59
New Zealand,F,140,145,156,154,145,140,158,162,168,148,128,118,89,73,55,93
Melanesia,M,569,524,455,398,368,332,298,232,191,154,119,86,59,35,18,11
Melanesia,F,529,490,429,377,351,316,284,224,188,155,124,92,66,43,26,20
Fiji,M,42,41,42,39,39,34,29,27,27,23,17,13,9,5,3,2
Fiji,F,39,38,40,37,37,32,27,26,26,23,17,13,10,6,4,2
New Caledonia,M,11,11,11,10,10,9,10,8,8,7,6,5,4,2,2,2
New Caledonia,F,10,11,11,10,10,10,10,9,8,7,6,5,4,3,2,3
Papua New Guinea,M,463,425,360,311,286,260,236,177,140,112,87,60,40,24,12,7
Papua New Guinea,F,431,397,339,295,274,247,224,171,138,114,92,66,47,31,18,13
Solomon Islands,M,37,33,29,26,23,21,18,13,11,8,6,5,4,2,1,1
Solomon Islands,F,34,30,27,24,21,19,16,12,10,8,6,5,4,2,2,1
Vanuatu,M,16,14,13,12,10,8,7,6,5,4,3,2,2,1,1,1
Vanuatu,F,15,14,12,11,10,8,7,6,5,4,3,2,2,1,1,1
Micronesia,M,28,28,26,24,21,17,17,19,17,14,12,8,5,3,2,2
Micronesia,F,27,27,25,22,20,19,19,19,16,13,11,8,5,4,3,2
Guam,M,9,9,8,7,6,6,6,7,6,5,4,3,2,2,1,1
Guam,F,8,8,8,7,6,6,6,6,6,5,4,3,2,2,1,1
Micronesia (Fed. States of),M,7,7,7,6,5,3,2,2,2,2,2,1,1,0,0,0
Micronesia (Fed. States of),F,7,7,6,6,5,3,2,3,2,2,2,1,1,1,1,0
Polynesia,M,37,38,35,30,24,23,23,23,19,16,13,9,7,5,3,3
Polynesia,F,34,35,32,28,23,22,22,21,18,15,13,9,7,6,4,4
French Polynesia,M,11,13,13,13,10,10,10,11,9,8,6,4,4,2,2,1
French Polynesia,F,11,12,12,13,10,10,10,10,9,7,6,4,3,2,2,1
Samoa,M,13,12,10,8,6,6,6,5,4,4,3,2,1,1,1,1
Samoa,F,11,11,9,7,6,6,5,5,4,3,3,2,2,1,1,1
Tonga,M,7,6,6,4,4,3,3,3,2,2,1,1,1,1,1,0
Tonga,F,6,6,5,4,4,4,3,3,2,2,1,1,1,1,1,1
